dRFl	dRFd	dJ	dth
0.9998002152	0.9998002152	0.9997997384	99.997997294
0.9995952062	0.9996304853	0.999591869	99.9959183156
0.9993768709	0.9994212035	0.9993763942	99.9937439943
0.9991871579	0.99921671	0.999172382	99.9916078421
0.9990227227	0.9990394039	0.9989626715	99.9893954228
0.9988092155	0.9988363792	0.998726297	99.9869541609
0.9986152678	0.9986538652	0.9984899504	99.9845892168
0.9984032334	0.998407998	0.9982421977	99.9823005879
0.9981373885	0.9981421525	0.9979792324	99.9801454863
0.9979025407	0.9979034933	0.9977105861	99.9773991958
0.9977124913	0.9976915346	0.9974724549	99.9750343648
0.9974757885	0.9974353089	0.9972210191	99.9726504909
0.9972067339	0.9972072101	0.9969543794	99.9703047866
0.9969853268	0.9969691389	0.9967068173	99.9676730537
0.9967410933	0.9967196707	0.9964459582	99.9649460046
0.9964649979	0.9964235869	0.9961794222	99.9621999229
0.9962303469	0.9961684759	0.9959300529	99.9593776004
0.9960119035	0.9959229149	0.9956750051	99.9566888032
0.9957301993	0.9956854729	0.9954028633	99.9539428349
0.9954214173	0.9954038148	0.9951193426	99.9513113173
0.9951483588	0.995155494	0.9948548865	99.9486607658
0.9949190947	0.994912436	0.9945999764	99.9459530444
0.9946851013	0.9946537141	0.9943527069	99.9432834958
0.9944649254	0.9944430518	0.9941130749	99.9406139829
0.9942181481	0.9942195745	0.9938639644	99.9380779787
0.9940108598	0.9939965976	0.9936148851	99.935332266
0.9938159524	0.9937803007	0.993358233	99.932548457
0.9935664039	0.9935435895	0.993094011	99.9298981542
0.9932935999	0.993307857	0.9928222222	99.9273050863
0.9930488687	0.9930498191	0.992561872	99.9246357868
0.9927989413	0.992768059	0.9923015559	99.9219665229
0.9926231558	0.9925699481	0.9920640711	99.9194116895
0.9924331348	0.9923476313	0.9918247151	99.9168187576
0.9922208079	0.9921058664	0.9915682943	99.9141114676
0.9920550472	0.9918850263	0.9913346953	99.9114804744
0.9918142677	0.9916699089	0.9910897308	99.9088876454
0.9915839635	0.9914282266	0.9908447966	99.906256721
0.9913285234	0.991189422	0.9905979943	99.9037783456
0.991144323	0.9909957409	0.9903645097	99.9011093604
0.9909563424	0.9907930605	0.9901310526	99.8985547936
0.9907318333	0.9905861296	0.9898957253	99.8959621324
0.9905030786	0.9903483756	0.9896452463	99.8934076314
0.9903464775	0.9901656898	0.9894175657	99.8907959739
0.9901011607	0.9899151767	0.9891690442	99.8882606018
0.9898615672	0.9896841444	0.9889262442	99.8857061993
0.9895831059	0.9894128226	0.9886683019	99.8830755801
0.9893117979	0.9891837459	0.9884255634	99.8806546786
0.9890609186	0.9889271926	0.9881790626	99.8781003734
0.9888323569	0.9886891636	0.9879344883	99.8754889159
0.988622312	0.9884288818	0.9877013178	99.8729346768
0.9884084969	0.9881643683	0.9874549073	99.8703804702
0.9881776405	0.9879103169	0.9871952618	99.8677500529
0.9879397018	0.9876889965	0.9869451248	99.8651959127
0.9877155347	0.9874809685	0.9866988087	99.8626608655
0.9875558371	0.9873222375	0.9864771504	99.8601639708
0.9873165518	0.9871350934	0.9862365752	99.8576861672
0.9870730318	0.9869077017	0.9859998173	99.855227454
0.9868072787	0.9866623375	0.9857574066	99.8528259494
0.9865661896	0.9864321588	0.9855188127	99.8503672961
0.9863218151	0.9861930097	0.9852859274	99.8480039679
0.9860840999	0.9859486813	0.9850549627	99.8455644327
0.9858113783	0.9856887606	0.9848088826	99.8430296347
0.9855784585	0.9854104135	0.9845704035	99.8404948689
0.9853323129	0.985193633	0.9843281686	99.8380935415
0.9851056023	0.9849929666	0.984093532	99.8356922429
0.9848737123	0.9847686609	0.9838627071	99.833214743
0.9847123519	0.9845902757	0.9836508261	99.8306991591
0.9845410688	0.9844322503	0.9834295105	99.8281836069
0.9843106645	0.9842236194	0.9831911985	99.8257252569
0.9841138723	0.984028728	0.9829529154	99.8231907108
0.9839000724	0.9838158832	0.9827033164	99.8206371404
0.9837014295	0.9836011698	0.9824669829	99.8180645466
0.9834928761	0.9833439229	0.9822306779	99.8155682095
0.9833094052	0.9831160227	0.9819981815	99.8130528479
0.9831486458	0.9829444058	0.9817770519	99.8106137397
0.9829429875	0.9827477503	0.9815483886	99.8081746613
0.9827865125	0.9826319407	0.981332978	99.8057737226
0.9826210691	0.9824646197	0.9811100341	99.8033728128
0.9824598934	0.9822708478	0.9808890046	99.8009528773
0.9822278424	0.9820340938	0.9806491118	99.7985329712
0.9820511051	0.9818857236	0.9804224684	99.7960940404
0.9818696587	0.9817283879	0.9801826327	99.7935789243
0.981694371	0.9815474437	0.9799466025	99.7910638398
0.9815767338	0.9814482386	0.979727592	99.788548787
0.9814420975	0.9812885761	0.9795218199	99.7862242967
0.9812663756	0.9810774448	0.9793085194	99.7839188864
0.9811567935	0.9809352865	0.9790952421	99.7814991868
0.9810491068	0.9807954995	0.9788876493	99.7791366738
0.9808351678	0.9806245575	0.9786649834	99.7768503975
0.9806349458	0.9803884741	0.9784517761	99.7745450954
0.9803960284	0.9801439218	0.9782216139	99.7722779235
0.9801576121	0.9799196969	0.9779877062	99.7699917258
0.979953683	0.9797375036	0.9777613706	99.7677055543
0.9796685955	0.9794670769	0.9775124317	99.7653813068
0.9794260206	0.979214146	0.9772804944	99.7630570863
0.9792098993	0.9789555863	0.9770410433	99.7606376397
0.9790088997	0.9787154584	0.9768035067	99.7581801216
0.9788041466	0.9785211131	0.9765659989	99.7557607341
0.9786145096	0.9783145245	0.9763454818	99.7533985258
0.978342823	0.9780744752	0.9761004921	99.7509791963
0.978104185	0.9778240818	0.9758630698	99.7486360942
0.977855674	0.9776302966	0.9756200245	99.7462168224
0.9776053086	0.9773601608	0.9753770095	99.7438928252
0.9773728889	0.9771009034	0.9751415587	99.7415307575
0.9771456817	0.9769062472	0.974917436	99.7391687177
0.9769015342	0.9766951166	0.9746820407	99.7367686091
0.9767337593	0.9765495064	0.9744673849	99.7343685294
0.9766423375	0.976459978	0.974267814	99.7319684786
0.9765108673	0.9762931834	0.9740400268	99.7295303613
0.9763233373	0.976117923	0.9738122663	99.7271303687
0.9761697457	0.9759841327	0.9735977063	99.7247875467
0.9759520997	0.9757947691	0.9733587069	99.7223304702
0.9757245868	0.9755828167	0.9731291445	99.7200067512
0.9755460807	0.9754123296	0.9729240665	99.7177973387
0.9753285043	0.9751721657	0.972703961	99.7155689043
0.9751434422	0.9749645184	0.9724932851	99.7133595409
0.9749169651	0.9747663089	0.9722713477	99.7111311561
0.9746768623	0.9745299904	0.9720531965	99.7088837505
0.9744636192	0.9742951125	0.971829429	99.7065601882
0.9742339266	0.9740762639	0.9715944068	99.7041795173
0.9740499096	0.9738884972	0.9713669324	99.7017798297
0.9738080313	0.973689456	0.971137605	99.6994373055
0.9736560492	0.9735120772	0.9709252194	99.6971900316
0.9735026676	0.9733111928	0.9707053401	99.6948285169
0.9733220127	0.9730764618	0.9704760908	99.6924860743
0.9731352595	0.9729047828	0.9702675351	99.690200791
0.9729569904	0.9727524009	0.9700571232	99.687972665
0.9727420544	0.9725200886	0.9698223154	99.6856112594
0.9724514348	0.9723197768	0.9695819017	99.6833260549
0.9721509854	0.9720409733	0.9693321284	99.6809837474
0.9719384889	0.9717918235	0.9691011637	99.6786605103
0.9717246056	0.9716023971	0.9688758588	99.6763563428
0.9714872461	0.9713749218	0.9686524573	99.6741474139
0.9713152374	0.9712226598	0.9684497287	99.6719004251
0.9710873258	0.9710708796	0.9682320067	99.6695963358
0.9709346165	0.9709247495	0.9680311987	99.6673303565
0.9708481648	0.970825143	0.9678397936	99.6650644031
0.9707626567	0.9707109777	0.967644655	99.6628555993
0.9706550721	0.9705846051	0.9674195195	99.6603992859
0.970607624	0.9705136708	0.9672225474	99.6581334112
0.9705108523	0.970378856	0.9670199684	99.6558675623
0.9704380418	0.9702764593	0.9668267879	99.6537159817
0.9702900806	0.9700801359	0.9666017476	99.6514311427
0.9700857717	0.969977755	0.9663861085	99.64920345
0.9699763461	0.9699251577	0.9661836172	99.6469757822
0.9699073126	0.9698124541	0.9659848963	99.6447481393
0.9698302984	0.9696424719	0.9657805726	99.6425014819
0.9697330959	0.9694814251	0.965572522	99.6402929281
0.9695588949	0.9692368287	0.9653532497	99.6381034378
0.9693058384	0.9689425088	0.9651115169	99.6357616617
0.969051876	0.968718161	0.9648698142	99.6334008746
0.9688979188	0.9685562524	0.9646356352	99.631078192
0.9687594615	0.9683995191	0.9644164693	99.6287936126
0.9686693523	0.9682798659	0.964202947	99.6264329081
0.9685130791	0.9680405818	0.9639950664	99.6241864572
0.9684290816	0.9679082845	0.9637946983	99.6219019569
0.9682944116	0.9677225205	0.963588734	99.6197317058
0.9681710114	0.9675841473	0.9633790476	99.6175614783
0.9680011731	0.9674340587	0.9631600245	99.6152960907
0.9677478509	0.9672103545	0.9629279247	99.6130307288
0.9675761735	0.9670180928	0.9627108244	99.6108034653
0.9673623017	0.966833352	0.962497491	99.6086523712
0.9671254757	0.9666809775	0.9622748261	99.6064441926
0.9670232508	0.9666247192	0.9620690244	99.6041979671
0.9668999317	0.9666087797	0.9618707271	99.6019898379
0.9666626934	0.9664817368	0.9616313011	99.599705592
0.9664817368	0.9662923599	0.9614124768	99.5974594425
0.9662923599	0.9661011268	0.9611899375	99.5951752486
0.9660214519	0.9658649238	0.9609580751	99.5929101155
0.9657815098	0.9656278126	0.9607281103	99.590683077
0.9655242612	0.9653579348	0.9604925651	99.5884370292
0.9653546553	0.965180848	0.9602720013	99.5861910067
0.9652023974	0.965024388	0.9600589384	99.5839450095
0.9651288494	0.9649986249	0.9598552424	99.5816609706
0.9650927791	0.9649466312	0.9596627789	99.5794911579
0.9651073009	0.9649255531	0.9594778078	99.5773023357
0.9650389092	0.964821571	0.9592610968	99.5750754717
0.9649358579	0.9647363287	0.9590500139	99.5729437961
0.9647986208	0.9646267369	0.9588501604	99.5708311759
0.9646150288	0.9644778145	0.9586353877	99.5685663197
0.9644773462	0.9643663643	0.9584355774	99.5664347138
0.9643279671	0.9642928482	0.9582264524	99.564265067
0.9642198032	0.9642169938	0.9580117496	99.5620764121
0.9640601438	0.9641196048	0.9577970709	99.5598687498
0.963833085	0.9638649184	0.9575712175	99.5576040183
0.9637315024	0.9637413327	0.9573696519	99.5553964056
0.9637202678	0.9636739257	0.9571811699	99.5532459098
0.9636341379	0.9634918448	0.9569815111	99.5510573761
0.9635896702	0.9634090014	0.9567874703	99.5489259577
0.9635007379	0.963285445	0.9565859872	99.546794562
0.9633785796	0.9630977854	0.9563658724	99.5445490092
0.9631342863	0.9628605461	0.9561308626	99.5423225115
0.9629171627	0.962653746	0.9559014761	99.5400579795
0.9626902386	0.9624937485	0.9556814402	99.5378505613
0.9624058024	0.9623038272	0.9554632939	99.5357192843
0.9622406802	0.9621457297	0.9552638145	99.5335309432
0.9621747289	0.9620330113	0.9550606278	99.5313997124
0.9620143035	0.9618566974	0.9548537352	99.5293065615
0.9617916945	0.9616214815	0.9546450014	99.5271944042
0.961707989	0.9615387185	0.9544549244	99.5251012975
0.9615115992	0.9612712829	0.9542406446	99.5229321011
0.9612778281	0.9610267895	0.9540226629	99.5207629283
0.9610127659	0.9607603598	0.9537953922	99.5185747516
0.9607528816	0.9605757504	0.9535718737	99.516386599
0.9606575372	0.960518268	0.9533744541	99.5141984705
0.9606374407	0.9604645259	0.9531845036	99.5120674466
0.9605341573	0.9603402239	0.9529685045	99.5098032588
0.9603785417	0.9601981742	0.9527488064	99.5076152026
0.9603561116	0.9601799515	0.9525458874	99.5055032756
0.9602234059	0.9600276351	0.952331822	99.5033342927
0.9601061279	0.959884207	0.9521382532	99.5012224111
0.9600131516	0.9597136957	0.951942843	99.4990534749
0.9598103948	0.9594918202	0.9517344277	99.4969416387
0.9596053238	0.9592550255	0.9515111508	99.4946966482
0.959502096	0.9591284668	0.951299062	99.4925277831
0.9593199427	0.9589145969	0.9510758362	99.4902828425
0.9590822352	0.9586736715	0.9508489168	99.4880759763
0.9589566218	0.9584999999	0.9506350422	99.4859071834
0.9588669697	0.9584052342	0.9504230511	99.4837384141
0.9588408219	0.9583291449	0.9502240985	99.4815696685
0.9586937475	0.9581699739	0.9500102942	99.479362899
0.9585658252	0.9580411532	0.9498169614	99.4772702953
0.9584757245	0.9579818799	0.949625507	99.4752157604
0.9583898293	0.958017817	0.9494303549	99.4731041772
0.9582983366	0.9579076741	0.9492333645	99.4709545705
0.9581055625	0.9577462049	0.949025246	99.4688240097
0.957940343	0.9576794745	0.9488227239	99.466769562
0.9577541381	0.9574928284	0.9486183658	99.4647151355
0.9576155462	0.9573827157	0.9484177447	99.4626797525
0.9573841154	0.9571830359	0.9481985718	99.4605302584
0.9572077615	0.9570057676	0.9479979951	99.4584378528
0.9571401168	0.9569166732	0.9478067241	99.4563454692
0.9569465264	0.9567105124	0.9476043321	99.4542531077
0.9567179749	0.9564703305	0.9473908227	99.452141747
0.9564987777	0.9562866	0.94718105	99.4500113877
0.9562688807	0.956061391	0.9469805809	99.4479761551
0.9561196724	0.9559075368	0.946781989	99.4458838815
0.955996118	0.9557471686	0.9465778507	99.4437345689
0.9559574215	0.9556185108	0.946371879	99.4415472393
0.9559163947	0.9555215571	0.9461696403	99.4394550334
0.95583481	0.9553607552	0.9459600028	99.43732481
0.9556562682	0.9552316574	0.9457633728	99.4352706876
0.9555234215	0.9551109565	0.9455667633	99.4331975671
0.9554054987	0.9549828075	0.9453701741	99.4310864299
0.9552414442	0.9548569969	0.9451643339	99.429032372
0.955034066	0.9546794782	0.9449659325	99.4270163728
0.9550517739	0.9546860009	0.9447916531	99.4250384312
0.9549096499	0.9545173496	0.9446025596	99.4230224725
0.9546249679	0.954256016	0.9443856816	99.4209114433
0.9544386197	0.9540357038	0.9441743885	99.4187243647
0.9542052441	0.953768848	0.9439612659	99.4166323989
0.9539877322	0.95351367	0.9437407556	99.4145404551
0.9539234615	0.953387025	0.9435313874	99.4123914812
0.9537865441	0.9532613196	0.9433275999	99.4103185993
0.9536622093	0.9532236095	0.9431312437	99.4082647559
0.9534345159	0.9531030356	0.9429274995	99.4061348666
0.9532906501	0.9529773488	0.9427311849	99.4040810664
0.9530830183	0.9528083831	0.9425256321	99.4019322056
0.9528144339	0.9525589183	0.9423126957	99.3999354973
0.9526687532	0.9524593277	0.9421201478	99.3979197932
0.9525235491	0.9522876159	0.9419257685	99.3959041094
0.9523760292	0.9521280169	0.9417314092	99.3939645085
0.9522271249	0.9519637789	0.9415315177	99.3919298494
0.9520200742	0.9517367536	0.9413112914	99.3898191504
0.9519665703	0.951694422	0.9411169955	99.3876894587
0.9519037634	0.9516399969	0.9409356708	99.3856358491
0.951778621	0.9514920804	0.9407377138	99.3835442315
0.9516818622	0.9514148707	0.9405397775	99.3813765783
0.9516325543	0.9513841737	0.9403566588	99.3793230338
0.9515246397	0.951293016	0.9401513651	99.3771554267
0.9514041732	0.9511995373	0.9399349987	99.3749498155
0.9513427801	0.9512344168	0.9397371469	99.3728583104
0.9511837254	0.9511181541	0.9395356184	99.3708238674
0.9509451683	0.9508503118	0.9393304143	99.3687894452
0.9507921912	0.9506806048	0.939136323	99.3667360308
0.9506564286	0.9505918053	0.9389422517	99.3646636249
0.9505941298	0.9505569375	0.9387555926	99.3626292658
0.9504500136	0.9503956242	0.9385597128	99.3606139399
0.9503505333	0.9502631436	0.9383675488	99.35856061
0.9502557064	0.9500986018	0.9381754044	99.3565073013
0.9502491989	0.9500339974	0.9379795852	99.3543779666
0.9501348555	0.9498694753	0.9377782452	99.3523056895
0.9500479406	0.9497969786	0.9375880081	99.3502714569
0.9498002316	0.9497105438	0.9373737835	99.3482562564
0.9496859153	0.9496515288	0.9371762015	99.3462030542
0.9495544135	0.9494782118	0.9369731015	99.3441498732
0.949333251	0.9492282542	0.9367644854	99.3420586922
0.9490740217	0.9490006263	0.9365411257	99.3399105019
0.9488988994	0.9488487347	0.9363399402	99.3378003552
0.9487381913	0.9486555202	0.9361313946	99.335690231
0.9486257966	0.948504585	0.9359357888	99.3336181488
0.948398241	0.9482807587	0.9357328233	99.3316791557
0.9481883567	0.9481279961	0.935539104	99.3297401816
0.9479399618	0.9478972504	0.9353361815	99.3277632078
0.9476683896	0.947642395	0.9351222144	99.3257102174
0.9475272803	0.9474892197	0.9349304026	99.3237522926
0.9473476596	0.947274331	0.9347146378	99.3216423176
0.9472604082	0.9471666638	0.934532087	99.3196083989
0.9470975186	0.9470065665	0.9343421794	99.3176125176
0.9469596999	0.9468218913	0.9341522911	99.3155976483
0.9468645784	0.9467444073	0.9339624221	99.3135637915
0.9468186434	0.9466956915	0.9337744155	99.3114919402
0.9467513668	0.9466107897	0.9335882708	99.3094391179
0.9466998671	0.946499449	0.9334150438	99.3074623462
0.946615893	0.9464419254	0.9332270923	99.3053715513
0.9464456366	0.9462619438	0.933035475	99.3033377992
0.94640667	0.9461849466	0.9328530883	99.3013230747
0.9463732706	0.9461575809	0.9326725615	99.2993273772
0.9463305946	0.946027715	0.9324828429	99.2972936871
0.946170568	0.9458060361	0.9322765689	99.2952220054
0.9459437708	0.9455547077	0.9320611106	99.2931693513
0.9457503885	0.945367856	0.9318475184	99.2911167184
0.9456029305	0.9452055928	0.9316449967	99.2890641068
0.9454508474	0.9450025517	0.9314443378	99.2869735056
0.9452700328	0.9447990689	0.931251063	99.2849589471
0.944973349	0.9446530754	0.9310412444	99.283020429
0.9447930436	0.944537679	0.9308480114	99.2810439202
0.9445682653	0.9442814222	0.9306474384	99.2791054403
0.9444686299	0.9441493685	0.9304560861	99.2770719572
0.9444352647	0.9441136924	0.930272112	99.2750955076
0.9443421236	0.9440590213	0.9300826378	99.2731000737
0.9443323927	0.9440909898	0.9298987007	99.2711046598
0.9441947754	0.944021957	0.9297184599	99.2691852806
0.944095623	0.9438514708	0.9295327199	99.2671899061
0.9440177873	0.9437036976	0.9293451597	99.265156545
0.9439047461	0.9435313874	0.9291521028	99.2631422079
0.9437768879	0.9433757659	0.9289609043	99.2611278912
0.9435772426	0.9431951499	0.9287495058	99.2590375841
0.9433313049	0.9429460207	0.9285362934	99.2569853041
0.9431400423	0.942758964	0.9283341318	99.2550470591
0.9429645422	0.94257887	0.9281319923	99.2530328245
0.9428737887	0.9425154477	0.9279555976	99.2510186104
0.9426663685	0.9423256564	0.9277571736	99.2490804236
0.942488598	0.9421881853	0.9275606078	99.2470662496
0.9422969579	0.9419919478	0.9273677363	99.2450900987
0.9421358842	0.9418420064	0.9271822313	99.2431139675
0.9420303606	0.9416860616	0.9270040904	99.241175858
0.9418327512	0.9415125476	0.9268131131	99.2392187665
0.9416180422	0.9413038893	0.9266129752	99.2372236932
0.9415162491	0.9412178419	0.926423874	99.2351716387
0.9413654203	0.941116533	0.9262292851	99.2331576058
0.9411914733	0.9409356708	0.9260292103	99.2311815934
0.9409925642	0.9407543635	0.9258163104	99.2290916017
0.9408191141	0.9406248691	0.9256181153	99.2270396312
0.9406484549	0.9404597765	0.9254291156	99.2250636798
0.9404607014	0.9402651061	0.9252272926	99.223011751
0.9403307647	0.940133796	0.9250254916	99.2210168405
0.9402239551	0.9400075804	0.9248347182	99.2190599479
0.9401102166	0.9398499384	0.9246439644	99.2170650772
0.9400182136	0.9396844516	0.9244495626	99.2150702265
0.9399280643	0.939493559	0.9242533475	99.2130563976
0.939880911	0.9393733944	0.9240644872	99.2109665968
0.9397408449	0.9392324419	0.9238738129	99.2089718075
0.939610958	0.9391155287	0.9236904908	99.2070150336
0.9394773826	0.9390124847	0.9235053539	99.2050392815
0.9393327251	0.9388239705	0.9233184028	99.2030445518
0.939243995	0.9386835212	0.9231333032	99.2010118478
0.9392102602	0.9386382471	0.922961049	99.1990361555
0.9390499126	0.9384516181	0.9227723208	99.1970604828
0.9388784898	0.93828025	0.9225964362	99.1951798127
0.9387833131	0.938116287	0.9224150727	99.1931851821
0.9386299315	0.9379823561	0.9222264003	99.1911715754
0.9384054257	0.9377486926	0.922017601	99.189082005
0.9381195199	0.9375843143	0.9218124878	99.1870684399
0.9379306336	0.9374208739	0.9216165528	99.1850358996
0.9378161103	0.9373179229	0.9214371166	99.183041371
0.9377191404	0.9371697389	0.9212558671	99.1810278672
0.9376083237	0.9369984878	0.9210709744	99.1790523739
0.9373820935	0.9367469479	0.9208659665	99.1770199157
0.9372662187	0.9366551096	0.9206811129	99.1749874784
0.9371341949	0.9364585263	0.9204962779	99.1729360675
0.9370164892	0.9363191769	0.9203096317	99.1709986433
0.9368397137	0.9361212447	0.9201120269	99.1689852617
0.9366449569	0.9359325596	0.9199217608	99.1670098883
0.9365065166	0.9357545026	0.9197223685	99.1649775536
0.9363500912	0.9355981401	0.9195193397	99.1629452397
0.9361890653	0.9354413295	0.919329135	99.1609889198
0.9360372798	0.9352517907	0.9191462643	99.1590326192
0.9358269227	0.9350585823	0.9189524413	99.1570953308
0.9355566302	0.9348741538	0.9187458412	99.1551200758
0.9353002112	0.9346524026	0.9185356082	99.153125848
0.9350724152	0.9344744674	0.9183253993	99.1510936555
0.9349815812	0.9344191542	0.9181426286	99.1491184604
0.9348331209	0.9343205165	0.9179617034	99.1471432849
0.9347141768	0.9341942308	0.9177881051	99.1452061126
0.9346155234	0.9340513632	0.9176126961	99.143382909
0.934532548	0.9339287823	0.9174208618	99.1414457735
0.9343421794	0.9336979281	0.9172107805	99.1394706745
0.9340933006	0.9334634168	0.9169988968	99.137457613
0.933909889	0.9333072458	0.9168053003	99.1354825536
0.9336864091	0.9330663351	0.9165971156	99.133450542
0.9334247183	0.9328627599	0.9163871287	99.1314565321
0.9331699736	0.9326638119	0.9161917711	99.1294815325
0.9330359356	0.9325569782	0.9160146893	99.1275065526
0.9329341469	0.9324354163	0.915828498	99.1254556328
0.932789073	0.9322995894	0.9156423256	99.1234047342
0.9325823046	0.9321582479	0.9154506973	99.1214488044
0.9323718757	0.931973185	0.9152517901	99.1194359259
0.932141214	0.9318194402	0.9150529046	99.1174040787
0.9320044879	0.9316615658	0.914866811	99.1153532633
0.9318921682	0.9315055457	0.9146843848	99.1133024693
0.9317453342	0.9312828139	0.9144873848	99.1112516964
0.9316288879	0.93110612	0.914299525	99.1092389214
0.9314553827	0.9308981581	0.9140989194	99.1072261669
0.9313214679	0.9307463421	0.9139001591	99.1052514087
0.9311778999	0.9305972985	0.9137141828	99.1033146458
0.9309354239	0.9303594974	0.9135154644	99.1013399266
0.9307587629	0.9302003671	0.9133204132	99.0993272522
0.9305926986	0.93004217	0.9131253828	99.0972956112
0.9304947229	0.9298950221	0.9129358406	99.0952450039
0.9302458972	0.9296485754	0.9127299179	99.0932893519
0.9300325131	0.9294550272	0.9125294845	99.0913527059
0.9297529434	0.9291571588	0.9123144986	99.0894540516
0.929577774	0.9289765304	0.9121232189	99.0874794705
0.9294559467	0.9288253307	0.9119465307	99.0855808534
0.9292835632	0.9286065956	0.9117516471	99.0836252968
0.9291190093	0.9284347504	0.9115658895	99.0816697595
0.9289783687	0.9282872703	0.9113874345	99.0797522125
0.9287858095	0.9281007545	0.911201714	99.0777967134
0.9286456536	0.9279243628	0.9110196536	99.0758222484
0.92847794	0.9277773825	0.9108321503	99.0738857731
0.9282739471	0.9276363842	0.9106428462	99.0719493167
0.9281012139	0.9274779461	0.9104517418	99.0699369408
0.9279565163	0.9273273277	0.9102624773	99.0678866166
0.9277420171	0.9271413675	0.9100550368	99.065874282
0.9275688741	0.9269540488	0.9098512586	99.0637670479
0.9273888593	0.9267731756	0.9096511416	99.0617547552
0.9272511047	0.926594156	0.9094565034	99.0597234993
0.9271060143	0.9263752249	0.9092655235	99.0577112476
0.9269861854	0.9262370866	0.909081838	99.0556990163
0.9268778412	0.926082898	0.9088963527	99.0536868055
0.9266538273	0.9258732037	0.9086945225	99.051693598
0.9264683937	0.9256750025	0.9084872608	99.0496434626
0.9262825197	0.9254814097	0.9082818405	99.0476123309
0.9260741794	0.9253378338	0.9080818961	99.0456002022
0.9258484274	0.9252112394	0.9078819737	99.043588094
0.9257172102	0.9251029989	0.9076966108	99.0415949881
0.925573616	0.9249842168	0.9075185349	99.0396398656
0.925412602	0.9248503095	0.9073332091	99.0376657809
0.9252754529	0.9246714758	0.9071479023	99.0356537532
0.9250612638	0.9244257222	0.9069626144	99.0337176705
0.9248383867	0.924181835	0.906768264	99.0317816066
0.9246517593	0.9240048994	0.906584831	99.0298455617
0.9245352986	0.9238806878	0.9064123118	99.0278336135
0.9244802804	0.9237624425	0.9062398091	99.0258216858
0.9243482433	0.923606627	0.9060419052	99.0237718182
0.9241928367	0.9234283718	0.9058603609	99.0218358515
0.923991607	0.9232386794	0.9056715742	99.0198239847
0.923848605	0.9230806174	0.9054955121	99.0179070363
0.9236561199	0.9228868381	0.9052976894	99.0159331682
0.9234650295	0.9226706355	0.9051089613	99.0139593198
0.9232258507	0.9224182785	0.9049021089	99.011966512
0.9230219775	0.9222415117	0.9046989086	99.0099167878
0.922832785	0.9220734617	0.9045066149	99.007905042
0.9226527724	0.9218912339	0.9043179693	99.0059312736
0.9225112481	0.9217209268	0.9041384115	99.0039954814
0.9223243977	0.9215254593	0.9039443641	99.0020597081
0.9221187925	0.9212929394	0.9037430845	99.0001239538
0.9219150416	0.9210755507	0.9035490794	98.9981502629
0.9217479368	0.9208870154	0.9033550952	98.9961386367
0.9215977844	0.920730985	0.9031738203	98.9942029403
0.9214256735	0.9205722227	0.9029853138	98.9922293084
0.9212009465	0.920431773	0.9027732674	98.9901797885
0.9210160593	0.9203064296	0.9025721183	98.9881492666
0.9208970823	0.9201408429	0.9023891102	98.9860808124
0.9207634712	0.9199908215	0.902209744	98.9840693088
0.9206554911	0.9198687094	0.9020267726	98.9820578257
0.920555295	0.9197049913	0.9018365744	98.9800843149
0.9204336029	0.9195225405	0.9016536409	98.9780918481
0.9202030505	0.919347423	0.901441751	98.9760424745
0.9199492018	0.9191165496	0.9012371288	98.9740690237
0.9197667268	0.9189611263	0.9010415824	98.9720766174
0.9195609497	0.9187668658	0.9008351953	98.9700273061
0.9194470962	0.9186306671	0.9006523634	98.9680349405
0.9192276395	0.918358757	0.9004478308	98.9660425949
0.9190562072	0.9181353181	0.9002650382	98.9641071927
0.9188966753	0.9179452565	0.9000768355	98.9620769382
0.9187001363	0.9177593259	0.8998777963	98.9601415748
0.9185991326	0.9176268561	0.8996968707	98.9581493086
0.9184428392	0.9174487222	0.8995123453	98.9561760362
0.9182797049	0.9172304175	0.8993242213	98.9541648366
0.9180795769	0.9170171617	0.8991288825	98.9521916039
0.9178625676	0.9168025609	0.8989353734	98.9502563371
0.9176661393	0.9166167461	0.8987364605	98.9482072518
0.9174797802	0.9164263853	0.8985448016	98.9461961331
0.9172505114	0.91623148	0.898354971	98.9442609249
0.9170495823	0.9160886234	0.8981723909	98.9423257357
0.9168829191	0.9159576434	0.8979916368	98.9403905654
0.9167386421	0.9158202841	0.8978109009	98.9384364421
0.9165829636	0.9157559433	0.8976265691	98.936482338
0.9164186252	0.9156345688	0.8974350286	98.9344903101
0.9162552144	0.9154424851	0.8972435085	98.9325172736
0.9161150944	0.9152951282	0.8970610414	98.930563228
0.9159517107	0.9151318176	0.8968713676	98.9285522886
0.9157924484	0.9149388744	0.8966799077	98.9264844571
0.9155852913	0.9147263412	0.8964866623	98.9244735592
0.9154210424	0.9145425609	0.8962988549	98.9224057704
0.9151956803	0.9143565193	0.8960984284	98.9203949139
0.9150091162	0.9141887333	0.8958998296	98.9184030479
0.9148663549	0.9140578891	0.8957193044	98.9164491417
0.9147131157	0.9138978799	0.8955369924	98.9145142245
0.9145297928	0.9136854676	0.8953510893	98.9124844787
0.9143045405	0.9134343424	0.895145355	98.9104547538
0.9140697422	0.9131577346	0.8949522751	98.9085198952
0.9138814695	0.912956343	0.8947700411	98.9066229934
0.9137032436	0.9127659071	0.8945770016	98.9046502348
0.9135377964	0.912585968	0.8943930021	98.9026016217
0.9133892256	0.9124224439	0.894216236	98.9006289032
0.9132224397	0.9122552908	0.8940376839	98.8986562044
0.9130966768	0.9121227635	0.8938573464	98.8966076534
0.9129435859	0.9119629237	0.8936662085	98.8945970591
0.9126843629	0.9117639405	0.8934606679	98.8926244205
0.912459338	0.9115699869	0.8932533483	98.8905948993
0.9122985579	0.9114010911	0.8930604725	98.8886033334
0.9121200311	0.9112185556	0.8928730243	98.8866307545
0.9119142004	0.910991891	0.8926855959	98.884696129
0.9117625746	0.91080075	0.8925126025	98.8827425557
0.9115795475	0.9105964333	0.8923216084	98.8807321024
0.9114092852	0.9104071537	0.892137841	98.8787216695
0.9112240177	0.9101855942	0.8919432843	98.8767112571
0.9110251151	0.9099977219	0.89175055	98.8747577627
0.9108112167	0.9098048659	0.8915542346	98.8727853219
0.9106146343	0.9096133947	0.8913597416	98.8708129008
0.9104653915	0.9094665077	0.8911796744	98.8688404994
0.910305697	0.9092859847	0.8909978249	98.8669060479
0.9101082594	0.9090681988	0.8908087932	98.8649336854
0.9098908298	0.9088645311	0.8906197816	98.8630182368
0.9096638757	0.9086590682	0.8904289901	98.8610648777
0.909438314	0.908387729	0.8902238222	98.8590167161
0.909253247	0.9081695963	0.8900276749	98.8569306473
0.9091004785	0.9079987439	0.88985314	98.8549583844
0.9089227196	0.9077901986	0.8896642298	98.8529861411
0.9087277048	0.9076084793	0.889469943	98.8509759903
0.9085449826	0.9074599372	0.8892720802	98.8489658599
0.9083636422	0.907299144	0.8890760378	98.8469747132
0.9081573271	0.907121107	0.888872824	98.8449835866
0.9079942002	0.9069444499	0.8886750276	98.8429355915
0.9078079172	0.9067423825	0.8884700618	98.8408496924
0.9076552702	0.906557136	0.8882795008	98.8388017402
0.9075008191	0.9063850735	0.88809615	98.8367917336
0.907348198	0.9062189283	0.8879146155	98.8348007096
0.9072164818	0.9060478057	0.8877402879	98.8328476292
0.9070561642	0.9058476535	0.8875569929	98.8309324915
0.9068472731	0.9056475235	0.8873629363	98.8289794494
0.9065993596	0.905414747	0.8871635115	98.8270453879
0.9063682767	0.905224192	0.8869659053	98.8250734231
0.906179891	0.9050708552	0.8867880786	98.8231583607
0.9060092259	0.9049152633	0.8866084738	98.8211674739
0.9058558226	0.9047909809	0.8864288872	98.8191576467
0.9057214919	0.9046521938	0.8862403408	98.8171478399
0.9055826335	0.9045052544	0.8860625868	98.815194934
0.9053897922	0.9043302126	0.8858776698	98.8132989273
0.9052019619	0.9041520138	0.885682002	98.811383979
0.9049969134	0.9039692989	0.8854791765	98.8094121704
0.9048036809	0.9038246816	0.885281758	98.8073645439
0.9046054803	0.9036705568	0.8850915392	98.8053169386
0.9043773724	0.9035264166	0.8849031351	98.8032693545
0.9042064238	0.9033677851	0.8847165451	98.8012217917
0.9039543379	0.9031022218	0.8845120364	98.79917425
0.9037421778	0.9028788344	0.8843093449	98.7971267296
0.9035314024	0.9026817509	0.8841138503	98.7951929797
0.9033963377	0.9025508268	0.8839398963	98.793297165
0.9032476876	0.9023999814	0.883758787	98.7913255369
0.9031203477	0.9022686248	0.8835741106	98.7893349708
0.9029626581	0.9021164443	0.8833840754	98.7873823397
0.9027723613	0.901934841	0.8831797207	98.7853349415
0.9026264807	0.9017772549	0.8829897279	98.7833633929
0.9025313475	0.9016667717	0.8828140924	98.7813539501
0.9023877513	0.9015083035	0.8826277227	98.7793445278
0.9022659072	0.9013901405	0.8824503315	98.7772972128
0.9020937995	0.9012027256	0.8822657918	98.7752878317
0.9018850278	0.9010352456	0.8820758974	98.7733163834
0.9017152204	0.9008700441	0.8819039351	98.7713449547
0.9015042288	0.9006704647	0.8817176616	98.7693356341
0.9013113696	0.9005125366	0.8815457343	98.7674021563
0.901069193	0.9003098297	0.8813487548	98.765449742
0.900882264	0.9001166459	0.8811607495	98.7634404815
0.9007609742	0.8999881698	0.880985296	98.7614122863
0.9006157087	0.8998370864	0.8808026996	98.7594409764
0.9004378763	0.8996281237	0.8806129627	98.7574696862
0.9002577993	0.8994571723	0.8804214565	98.7555363246
0.9000958358	0.8992717671	0.8802371291	98.7536029818
0.8998768916	0.899045237	0.8800277709	98.7515559336
0.8996860157	0.8988842869	0.8798291721	98.7495089067
0.8995127976	0.8987097898	0.8796359623	98.7474619009
0.8993459269	0.8985628818	0.879446351	98.7453770095
0.8991817847	0.8983816364	0.8792585487	98.7433300466
0.8990465934	0.8982085439	0.8790814964	98.741302058
0.898869368	0.8980155857	0.8788955212	98.739293043
0.8986220955	0.8977833403	0.8786988381	98.7373409066
0.898445364	0.8976012701	0.8785093279	98.735331932
0.8982727173	0.8973930189	0.8783180506	98.7332850732
0.8981190666	0.8972141499	0.8781375182	98.7312761398
0.8978660235	0.8969783954	0.8779284099	98.7292861788
0.897634701	0.8967670555	0.8777175395	98.7272583344
0.8974287045	0.8965611586	0.877522775	98.7252873654
0.8971865985	0.8963309072	0.8773173129	98.7233353674
0.8970380085	0.8961823881	0.8771297381	98.7213454864
0.8968627876	0.8959937099	0.8769439695	98.7193177236
0.8967178368	0.8958294226	0.8767689363	98.7173468339
0.8965408411	0.8956326587	0.876574277	98.7153570132
0.8963516738	0.8954706607	0.8763796394	98.713386163
0.8961516927	0.8952495727	0.8761868087	98.7114532329
0.8959643718	0.8950330233	0.8759957845	98.7094824217
0.8957639827	0.8948155979	0.8757940712	98.70753058
0.895565421	0.8945887277	0.875601305	98.7054840094
0.8953944048	0.8943718073	0.8754246212	98.7034753589
0.8952906299	0.8942284107	0.8752533086	98.7015235765
0.8951498665	0.8940737536	0.8750748757	98.6995528644
0.8949414488	0.893860953	0.8748821887	98.697582172
0.894768688	0.8937049754	0.8747020098	98.6956493966
0.8946536737	0.8935954386	0.8745361189	98.6937545372
0.894526941	0.8934539071	0.8743488417	98.691746006
0.8944033741	0.8933092321	0.8741615845	98.6897753915
0.894182418	0.8931032819	0.8739565163	98.687729005
0.8939673501	0.8928973554	0.8737586037	98.6857394829
0.8937414892	0.8926932549	0.8735553655	98.6837689284
0.8935341369	0.8925265675	0.8733610633	98.6818173409
0.893366019	0.8923472833	0.8731756942	98.6798468256
0.8932501936	0.8922112556	0.8730028197	98.677800542
0.893128968	0.8920653301	0.8728335261	98.6757921732
0.8929973868	0.8919212179	0.8726589036	98.6737838248
0.8928658152	0.8917654096	0.8724753907	98.6717376041
0.8927838132	0.8916753533	0.8722990226	98.669634566
0.8926067557	0.8915141637	0.8721084226	98.6675694423
0.892378364	0.8912962658	0.8719053764	98.6655801234
0.8922049499	0.8911157549	0.8717148195	98.6635529334
0.8920500176	0.8909631676	0.8715367477	98.6616204912
0.891885642	0.8907669389	0.8713444506	98.6595743966
0.8917100244	0.8905882816	0.8711539549	98.6575662133
0.8915051591	0.8903965936	0.8709545799	98.6555391056
0.8913160736	0.8902274214	0.8707534479	98.653493074
0.891119806	0.8900285746	0.8705612372	98.6514660082
0.890950115	0.8898468427	0.870377945	98.6494389631
0.89077864	0.8896718757	0.8701911135	98.6474119389
0.8906238316	0.8895099679	0.8700131975	98.6454417671
0.8904609373	0.889367861	0.8698246263	98.6434716149
0.8902670135	0.889218571	0.8696289608	98.641482539
0.8900587151	0.8889888149	0.8694262034	98.6394555965
0.8898454932	0.8887829138	0.8692270263	98.6374286749
0.8896633302	0.888615693	0.8690438745	98.6354207169
0.8894892808	0.8884493867	0.86886252	98.6334696076
0.8892855701	0.8882484916	0.8686687404	98.63146169
0.8890773866	0.8880049311	0.8684714275	98.6294537928
0.8889177808	0.8878292468	0.8682865781	98.6274269739
0.8887051452	0.887646841	0.8680946399	98.6254759436
0.888451634	0.887405609	0.8678867309	98.6234491656
0.8882718608	0.8872030353	0.867700167	98.6214792331
0.8880593024	0.8869654563	0.8675011876	98.6195282616
0.8879087744	0.8867984065	0.8673164415	98.6175394271
0.8877178243	0.8866035349	0.8671370434	98.6156074356
0.8875102736	0.886393421	0.8669452323	98.6136565222
0.8873171205	0.886230914	0.8667605454	98.6116866875
0.8871320727	0.8860616891	0.8665758782	98.6097168725
0.886980276	0.88588889	0.8664054336	98.6077849576
0.8868127757	0.8856923234	0.8662279049	98.6057583614
0.8866663944	0.8855249448	0.8660503945	98.603731786
0.8865043113	0.8853652095	0.8658711274	98.6017620504
0.8863422431	0.8852171531	0.8656883296	98.5997355161
0.8861348533	0.8850063063	0.8654931299	98.5977847597
0.8859557635	0.8848457207	0.865303275	98.5958150835
0.8857964381	0.8846779737	0.8651223112	98.5938833049
0.8856308447	0.884486026	0.8649395924	98.5919326064
0.8854329606	0.8842757147	0.8647515719	98.5899440501
0.8852059372	0.8840748437	0.864549384	98.5879176372
0.8850063063	0.8838556154	0.864348993	98.5858912452
0.8848425809	0.883694686	0.8641610367	98.5838838119
0.8846788707	0.8835570783	0.8639731008	98.581800648
0.8845205571	0.8833970724	0.8637905034	98.5797932564
0.8843268328	0.8832308072	0.8635955179	98.5777858852
0.8841438905	0.8830744156	0.8634023266	98.5758164088
0.8839596222	0.8828992197	0.8632197896	98.573884826
0.8837534078	0.8827173211	0.8630372719	98.571972199
0.8835328748	0.8824942297	0.8628370562	98.5700217173
0.8833208842	0.882277437	0.8626404067	98.5680523185
0.883150145	0.8821067986	0.8624579503	98.5661208118
0.8829735974	0.8819487153	0.8622719708	98.5641135798
0.8827598819	0.881757064	0.8620806986	98.56214424
0.8825708302	0.8815797602	0.8618947599	98.5601370485
0.8824239035	0.8814418696	0.8617194646	98.5580920065
0.8822828117	0.881293694	0.8615477279	98.556065921
0.8820763452	0.881085553	0.8613618466	98.554191337
0.8819151301	0.8809700789	0.8611830654	98.5522220963
0.881747661	0.8808326835	0.8609972235	98.5502339406
0.8815896099	0.8806966413	0.8608060927	98.5482079359
0.8814593292	0.8805847724	0.8606255998	98.5461819519
0.8812520638	0.8804120607	0.8604327411	98.5441370547
0.8810394519	0.8802196816	0.860243442	98.5421300466
0.8808796742	0.8800604256	0.8600594704	98.5401230589
0.8807418384	0.8798703213	0.8598772871	98.5381350252
0.8805847724	0.8796721875	0.8596898176	98.5360902115
0.880490808	0.8795272911	0.8595271249	98.5341022184
0.8803467389	0.8793596018	0.8593503023	98.5321521114
0.8801494462	0.8791655493	0.8591664262	98.5302020237
0.8799061041	0.8788955212	0.8589595891	98.5282519553
0.8797008104	0.8786925803	0.8587492419	98.526245109
0.8795402597	0.8785240768	0.8585618955	98.5242950797
0.879345293	0.8783354792	0.8583675009	98.5223829339
0.8791646551	0.8781759468	0.8581748954	98.5203761473
0.8789433543	0.8779797911	0.8579734778	98.5184072445
0.8787676747	0.8778109091	0.8577879825	98.5164004984
0.87858799	0.8776299822	0.8576042737	98.5144316353
0.8783828502	0.877418701	0.8574117537	98.5124627918
0.8781375182	0.8772034258	0.8572121917	98.5104561063
0.8779440475	0.8770069321	0.857025013	98.5083547877
0.8777863377	0.8768323392	0.8568431514	98.5063670745
0.8776679529	0.8767149117	0.8566736667	98.5043983116
0.8775294753	0.8765818666	0.8564989031	98.5024295685
0.8774008348	0.8764595454	0.8563294525	98.500460845
0.8772217366	0.8763149138	0.8561458999	98.4985110709
0.8770225615	0.8761046836	0.8559517791	98.4965802457
0.8768220695	0.8759275028	0.8557594447	98.4945926513
0.8766019566	0.8757293672	0.8555583109	98.4925861478
0.8764001736	0.8755504396	0.8553589646	98.4905607357
0.8762171603	0.8753367322	0.8551684607	98.4885542732
0.8760685319	0.8751819332	0.8549920871	98.486604617
0.8758918011	0.8749910186	0.8548122048	98.4846739085
0.875742754	0.8748255463	0.8546288149	98.482667506
0.8755482087	0.874629765	0.8544436816	98.48069898
0.8753211178	0.8744059145	0.8542497539	98.478692618
0.8750846891	0.8741713927	0.8540523228	98.476761987
0.8749035973	0.8739903955	0.8538654895	98.4747745926
0.8747327816	0.8737973821	0.853687488	98.4727493636
0.8745231872	0.8735843344	0.853490122	98.4706673743
0.8743359114	0.8734279079	0.8533068739	98.4686989682
0.8741540054	0.8732474333	0.8531218838	98.4666927285
0.8739208547	0.8730242053	0.8529175371	98.4646675826
0.8736957578	0.8728094699	0.8527167375	98.462604605
0.8735339734	0.8726580127	0.8525282892	98.4605984273
0.8733820077	0.8725079049	0.8523521881	98.4586301219
0.8731761398	0.8723030308	0.8521549765	98.4566618362
0.8730023741	0.8721128757	0.8519683508	98.4546935701
0.8727974419	0.8718911284	0.8517764645	98.4527820998
0.8726553401	0.8717214975	0.8516057215	98.4507760222
0.8724727183	0.8715652379	0.8514226759	98.4488267399
0.8722950144	0.8713920777	0.8512343706	98.4468585522
0.8721609691	0.8712474198	0.8510548841	98.4448146857
0.8720398474	0.8711214659	0.8508754164	98.4427708405
0.8719240771	0.8710093168	0.8506994862	98.4406891681
0.8717655732	0.8708522311	0.8505253331	98.4386453657
0.8716413626	0.8707178517	0.8503564744	98.4366583559
0.8714882263	0.8705585678	0.8501735631	98.4346524426
0.8713431153	0.8704019676	0.8500029808	98.4326276262
0.8712095882	0.8702738507	0.8498306574	98.4305839075
0.8710284528	0.8701106043	0.849653077	98.428559133
0.8708393267	0.8699144619	0.8494667255	98.4265722251
0.8706488862	0.8697583644	0.8492909409	98.4247177957
0.8704433407	0.8695560366	0.8491081442	98.4228633838
0.870231592	0.8693586229	0.8489218525	98.4209333002
0.8700505583	0.8691794583	0.848733824	98.4189653913
0.869844194	0.8689754198	0.8485352745	98.4169596583
0.8696912156	0.8688114063	0.8483525591	98.4149539456
0.8695324702	0.8686122996	0.8481645937	98.4129860965
0.8693781854	0.8684487647	0.8479871875	98.4109804244
0.8692159121	0.8682710268	0.8478062874	98.4089936938
0.8690296499	0.8680657622	0.8476201385	98.4070069834
0.8688305182	0.867858745	0.8474322542	98.4050013722
0.8686380755	0.8676166639	0.8472426352	98.4029579403
0.8684336562	0.867395045	0.8470372384	98.4008766888
0.8682639177	0.8672129745	0.8468546845	98.3988900603
0.8680839773	0.867025151	0.8466686401	98.3969034518
0.8678858424	0.8668519985	0.8464791065	98.3949357831
0.8676930602	0.8666508969	0.8462895941	98.3929302949
0.8675016317	0.8664555887	0.8460948395	98.3909248272
0.8672786953	0.8662505388	0.845889582	98.3888815415
0.8670824284	0.8661094147	0.8456966275	98.3868004389
0.86685777	0.865929254	0.8455019412	98.3847761148
0.8666992834	0.8657956988	0.8453213064	98.3827518115
0.8664919854	0.8656484006	0.8451319237	98.3807275291
0.8663282064	0.8654838141	0.844961848	98.3787978587
0.8661529045	0.8653019443	0.844783024	98.3768492891
0.8660135633	0.8651387213	0.8446042189	98.3748439853
0.8658933129	0.8649945834	0.8444254327	98.3727630312
0.8657659719	0.8648344935	0.8442431605	98.3706442642
0.8655814107	0.8646690977	0.8440556509	98.3686768581
0.8654137254	0.8644944072	0.8438751706	98.3666716375
0.8651954928	0.8643161878	0.8436719344	98.3646664374
0.8650318364	0.8641481819	0.8434879918	98.362585591
0.8648965765	0.8639970349	0.8433093238	98.3605425995
0.8647502417	0.8638051282	0.8431359289	98.3585374618
0.8645954949	0.8636154586	0.8429678054	98.3565512607
0.8644070685	0.863432899	0.8427716824	98.3545650797
0.8642248686	0.8632592195	0.8425790839	98.352560003
0.864022299	0.8630434736	0.8423795051	98.3505171156
0.8638326055	0.8628135811	0.8421904522	98.3486066568
0.8636513524	0.8626187058	0.8420049209	98.3466583863
0.8634816388	0.8624304949	0.84182641	98.34472905
0.8632920046	0.8622604585	0.8416339196	98.3427997327
0.8631077072	0.8620687448	0.8414519488	98.3408704343
0.8629088122	0.8618602306	0.8412699978	98.3389411548
0.8627139262	0.8616707746	0.8410845679	98.3369740658
0.8625536047	0.8615198444	0.8409079037	98.3348935123
0.8623915268	0.8613729104	0.8407260115	98.3327751531
0.862182088	0.861140143	0.8405336469	98.330694644
0.8619465551	0.8609419173	0.8403378073	98.3287276375
0.8617194646	0.8607176135	0.8401367459	98.3267228241
0.8615003705	0.8605070511	0.8399374565	98.3247558573
0.8613078563	0.860319513	0.83974693	98.3227889102
0.8611202309	0.8601523382	0.839572154	98.3209354588
0.8609171407	0.8599865063	0.8393939013	98.3190063748
0.8607406176	0.8598498728	0.8392139201	98.3170205729
0.8605871148	0.8597013128	0.839028717	98.315034791
0.8604380488	0.8595523235	0.8388522689	98.3130301173
0.8602629017	0.8593759405	0.8386636122	98.3109876405
0.8601306686	0.8592371455	0.838488949	98.3090019196
0.8599869485	0.8590771473	0.838328275	98.3070729527
0.8598242276	0.8589043484	0.8381606315	98.3051250936
0.8596235008	0.8586741241	0.8379720526	98.3031205209
0.8594325225	0.858461161	0.8377869866	98.3011537902
0.8592446596	0.8582535253	0.837601941	98.2991870791
0.8590665403	0.8580613742	0.8374204067	98.297182567
0.8588614828	0.8578551118	0.8372301659	98.2951780752
0.8586511476	0.857636068	0.8370382016	98.293192514
0.8584461397	0.8574104291	0.8368514939	98.2911880629
0.8582681032	0.8572400054	0.8366770196	98.2892025419
0.8580763922	0.8570563552	0.8364920966	98.2871603127
0.8578608533	0.8568418272	0.836300217	98.2851559232
0.8576418087	0.8566326221	0.8361101035	98.2831893722
0.8574603232	0.8564684537	0.835926987	98.2811661143
0.857276208	0.8563162149	0.8357438906	98.2792374205
0.8570598867	0.8561401642	0.8355486099	98.2772520202
0.8568171097	0.8559120753	0.8353411492	98.2752477317
0.8566224715	0.8557241564	0.8351459155	98.2732434637
0.8564512435	0.8555464024	0.834959419	98.2711824923
0.8562778263	0.8553580826	0.8347764286	98.2691404503
0.856104868	0.8551852172	0.8345882309	98.267079522
0.8558891357	0.8549947326	0.8343878584	98.2650753373
0.8557118056	0.85482499	0.8342031886	98.2630711729
0.8555649267	0.8546817138	0.8340237649	98.2611048429
0.8553704308	0.8545164101	0.833835652	98.2592141595
0.8552407792	0.8543991644	0.8336719414	98.257247868
0.855098791	0.8542391766	0.8335065055	98.2553383153
0.8549263926	0.8540510008	0.8333219332	98.2533531565
0.8547791403	0.8538932488	0.8331443453	98.2513680177
0.8545948723	0.8536936561	0.8329563316	98.2493639931
0.8544564639	0.8535310912	0.8327857449	98.2473788946
0.8543141002	0.8533707442	0.8326082141	98.2453749108
0.8541475099	0.8532170191	0.8324272218	98.2433331369
0.8539628694	0.8530602249	0.832237549	98.2413102893
